,dataset,model,approach,Precision,Recall,F1
0,TACRED,llama2_7b,RAG4RE,0.8122651799781845,0.5500656598818122,0.6559334475165158
1,TACRED,llama2_7b,simple query,0.8497109826589595,0.012065003282994091,0.02379218256858461
2,TACREV,llama2_7b,simple query,0.7464788732394366,0.004349967170059094,0.00864953080375357
3,TACREV,llama2_7b,RAG4RE,0.8488446316864547,0.5457156927117531,0.6643353149822651
4,ReTACRED,llama2_7b,simple,0.8021978021978022,0.009395109395109395,0.018572700674214477
5,ReTACRED,llama2_7b,RAG4RE,0.5592515592515592,0.03462033462033462,0.06520421767058539
