,dataset,model,approach,Precision,Recall,F1
0,TACRED,Mistral,RAG4RE,0.8781130268199234,0.30096848325673015,0.4482885085574572
1,TACRED,Mistral,simple query,0.9467186484730344,0.11958305975049245,0.21234423959775559
2,TACREV,Mistral,simple query,0.9234167893961709,0.05146093237032173,0.09748892171344166
3,TACREV,Mistral,RAG4RE,0.9322493224932249,0.22586999343401182,0.36363636363636365
4,ReTACRED,Mistral,simple,0.6464339908952959,0.054826254826254826,0.10107960612172262
5,ReTACRED,Mistral,RAG4RE,0.6018542364151429,0.3007722007722008,0.40109842958894704
